-- One-off entries
DELETE FROM hob_entries_oneoff;
INSERT INTO hob_entries_oneoff (id, title, comment, bingo, bingo_kind) VALUES
(6598968154566490322, 'Divan''s Alloy', NULL, 2, 0),
(3716181875515652420, '#1 in Lucky Looter, Revenant Horror, and Let the StarFall', NULL, 9, 0),
(3323176989023852295, 'Wild Strawberry Dye within the first 10 minutes', NULL, 0, 1),
(6849191328245313514, 'Gemstone Gauntlet', NULL, 0, 1),
(1033080879207666933, 'Tier boosted Mythic Bingo Pet', NULL, 13, 0),
(476733170229353367, 'Tarantula Slayer Level 7 with only tier 2 bosses', NULL, 13, 0),
(8310451756152795016, 'Heart Of The Mountain Tier 7', NULL, 13, 0),
(5872218360539479600, 'Legendary Ring of Love', NULL, 13, 0),
(8867335707082646990, 'Alchemy 50 and a God Splash', NULL, 14, 0),
(2383002818452690812, '184,880,000 Coin Midas Staff', NULL, 15, 0),
(2656023951990382502, '3 Bingo player 270 Score f7 Completion', NULL, 15, 0),
(7948881646681906580, 'Juju Shortbow', NULL, 15, 0),
(884056474037706540, 'Mining 55 & Taming 50', NULL, 16, 0),
(7128518335218857328, 'Squash Armor', NULL, 16, 0),
(5449945205975155196, 'Combat 50', NULL, 16, 0),
(121852728191778139, 'Jaded Divan''s Armor', NULL, 16, 0),
(2908618669764174038, 'Diamond Bonzo Head', NULL, 16, 0),
(1185455466363742614, '"Gauntlet o'' Dillo": Level 100 Armadillo Pet of each rarity', NULL, 17, 0),
(6791804921810907271, 'Fermento Armor', NULL, 17, 0),
(607736965363986181, 'Max Rift Gear and 4/5 McGrubber''s Burgers', NULL, 19, 0),
(2902834671833369685, 'Diamond Scarf Head', NULL, 1, 1),
(8830001483443714169, 'Garden Level 15', NULL, 1, 1),
(8238320891632206570, 'Full Kuudra Follower Armor and Artifact', NULL, 1, 1),
(4725813245445818003, 'Golden Dragon Egg', NULL, 1, 1),
(1486683008070802077, 'Perfect Gemstone Gauntlet', 'Done with different gemstones than used for the Golden Dragon Egg', 1, 1),
(3210231058586077117, 'M7 Completion', NULL, 1, 1),
(8493742286626595908, 'Farming 50', NULL, 21, 0),
(3056490202325912234, '#1 in Goblin Slayer, Skilled (Mining XP), Hunter, and Clown Collab', NULL, 21, 0),
(569623887306779739, 'Fermento Armor and Fermento Artifact', NULL, 22, 0),
(6407052273320405171, 'Solo Floor 7 S+ Completion', NULL, 0, 2),
(7415542392800689978, '"Gauntlet o'' Rock": Level 100 Rock Pet of each rarity', NULL, 25, 0),
(3700680008265019784, '#1 in Lucky Looter, Hunter, KABOOM!, Tarantula Broodfather, and Skilled (Enchanting XP)', NULL, 28, 0),
(3659203851335964489, 'Diamond Professor Head', NULL, 28, 0),
(6100412037439307024, 'Revenant Slayer Level 7 with only tier 2 bosses', NULL, 29, 0),
(4658641485306218032, 'Diamond Thorn Head', NULL, 30, 0),
(1695618585792113232, 'Max Pest Bestiary', NULL, 33, 0),
(8480337952400848702, 'Diamond Livid Head', NULL, 33, 0),
(5281318063284428667, 'Heart Of The Mountain 10', NULL, 34, 0),
(3163348128012810550, 'Heart of the Mountain 10 and Core of the Mountain 10', NULL, 34, 0),
(203328626242767229, 'Max Gemstone Powder spent on HOTM tree', NULL, 34, 0),
(8500739901484055817, 'Golden Dragon Egg', NULL, 36, 0),
(7803449847135058190, 'Mining 60', NULL, 37, 0),
(5198199146287426074, '#1 in Skilled (Mining XP), Lucky Looter, Operation: Ore, Goblin''s Treasure, and Scavenger', NULL, 37, 0),
(2404260012405630170, 'Garden 15 and all Unique Diamond Farming Medals', NULL, 37, 0),
(8109000979684653263, 'Overflux Power Orb and Sven Slayer 9', NULL, 37, 0),
(3357823335374525204, 'Perfect Gemstone Gauntlet', NULL, 38, 0),
(3602756159818938749, 'Carpentry Level 50', NULL, 39, 0),
(7667085635829024010, '5/5 McGrubber''s Burgers', NULL, 41, 0),
(9026835471180658017, '100% Rift Guide completion', NULL, 42, 0),
(4676354475929846496, 'Core and Heart of the Mountain 10 & maximum spendable Glacite, Gemstone, and Mithril Powder', NULL, 42, 0),
(7986313055734720785, 'Level 200 Jade Dragon pet', NULL, 2, 1);

-- One-off players
DELETE FROM hob_oneoff_players;
INSERT INTO hob_oneoff_players (entry_id, player, position) VALUES
(6598968154566490322, 'rehgi', 0),
(3716181875515652420, 'godwyyn', 0),
(3323176989023852295, 'Bendog002', 0),
(6849191328245313514, 'R05A', 0), (6849191328245313514, 'Dredlig', 1),
(1033080879207666933, 'jeeeegus', 0),
(476733170229353367, 'godwyyn', 0),
(8310451756152795016, 'IvyCrescent', 0),
(5872218360539479600, 'Aoik', 0),
(8867335707082646990, 'ForagerRedstone', 0),
(2383002818452690812, 'godwyyn', 0),
(2656023951990382502, 'arithemonkey', 0), (2656023951990382502, 'Jeeeegus', 1), (2656023951990382502, 'EnsyL', 2),
(7948881646681906580, 'Atomosis', 0),
(884056474037706540, 'R05A', 0),
(7128518335218857328, 'demonhunter990', 0), (7128518335218857328, 'MINIZAPPY123', 1),
(5449945205975155196, 'godwyyn', 0),
(121852728191778139, 'ForagerRedstone', 0),
(2908618669764174038, 'antistory', 0),
(1185455466363742614, 'R05A', 0),
(6791804921810907271, 'LordSSlytherin', 0), (6791804921810907271, 'demonhunter990', 1),
(607736965363986181, 'demonhunter990', 0),
(2902834671833369685, 'ScarfMyBeloved', 0), (2902834671833369685, 'h8re', 1),
(8830001483443714169, 'KilledByRuby', 0),
(8238320891632206570, 'R05A', 0),
(4725813245445818003, 'LilFroggy', 0), (4725813245445818003, 'Atomosis', 1), (4725813245445818003, 'ForagerRedstone', 2),
(1486683008070802077, 'ForagerRedstone', 0),
(3210231058586077117, 'EnsyL', 0),
(8493742286626595908, 'LordSSlytherin', 0),
(3056490202325912234, 'godwyyn', 0),
(569623887306779739, 'LordSSlytherin', 0),
(6407052273320405171, 'EnsyL', 0),
(7415542392800689978, 'Venturelands', 0),
(3700680008265019784, 'godwyyn', 0),
(3659203851335964489, 'antistory', 0),
(6100412037439307024, 'LordSSlytherin', 0),
(4658641485306218032, 'Crxmsxn', 0),
(1695618585792113232, 'demonhunter990', 0),
(8480337952400848702, 'Tabaluggar', 0),
(5281318063284428667, 'Youtubr2', 0), (5281318063284428667, 'Logs2Fight', 1),
(3163348128012810550, 'Venturelands', 0),
(203328626242767229, 'howarth13', 0),
(8500739901484055817, 'ASneakyKobold', 0),
(7803449847135058190, 'LordSSlytherin', 0),
(5198199146287426074, 'LordSSlytherin', 0),
(2404260012405630170, 'demonhunter990', 0),
(8109000979684653263, 'Venturelands', 0),
(3357823335374525204, 'AntiCactus', 0),
(3602756159818938749, 'LordSSlytherin', 0),
(7667085635829024010, 'DEb6KALo', 0),
(9026835471180658017, 'Venturelands', 0),
(4676354475929846496, 'AntiCactus', 0),
(7986313055734720785, 'Venturelands', 0);

-- Ongoing entries
DELETE FROM hob_entries_ongoing;
INSERT INTO hob_entries_ongoing (id, title, comment) VALUES
(8304799961319025141, 'All Fairy Souls (discontinued)', NULL),
(6303536348589154917, 'Highest Skill Average', NULL),
(2541188075327340324, 'Highest Pet Score', NULL),
(7205422880996684736, '#1 SkyBlock Level', NULL);

-- Ongoing subentries
DELETE FROM hob_ongoing_subentries;
INSERT INTO hob_ongoing_subentries (id, entry_id, player, value, bingo, bingo_kind) VALUES
(3441476431664966588, 8304799961319025141, 'THKlasen', '240', 17, 0),
(3187926780938138777, 6303536348589154917, 'LordSSlytherin', '33.31', 39, 0),
(7326105416226418230, 2541188075327340324, 'groxen_nin', '163', 40, 0),
(1953647395369786927, 7205422880996684736, 'groxen_nin', '147.60', 41, 0),
(6696753670435536637, 7205422880996684736, 'WoodenRepublic', '123.45', 40, 0),
(201775573811296914, 7205422880996684736, 'demonhunter990', '120.0', 35, 0),
(7013973536083942603, 7205422880996684736, 'Ody1canobe', '105.58', 34, 0),
(4667031576569832928, 7205422880996684736, 'ForagerRedstone', '133.07', 1, 1),
(4611950816164658523, 7205422880996684736, 'Atomosis', '96.38', 19, 0),
(1284135685740540170, 7205422880996684736, 'Ashe_The_Fox', '90', 18, 0),
(8519674772933955226, 7205422880996684736, 'n00blyn00b', '88.74', 17, 0);
